,start_time,end_time,instrument,note,start_beat,end_beat,note_value,id,length,id_cat
33810,544.9433106575964,16520.27210884354,1,64,1.5,0.5,Eighth,2247,1299854,4
33811,16520.27210884354,28594.648526077097,1,66,2.0,1.0,Quarter,2247,1299854,4
33812,31566.802721088436,33795.555555555555,1,59,3.25,0.25,Sixteenth,2247,1299854,4
33813,33795.555555555555,36768.07256235828,1,61,3.5,0.25,Sixteenth,2247,1299854,4
33814,36768.07256235828,39925.986394557825,1,63,3.75,0.25,Sixteenth,2247,1299854,4
33815,39925.986394557825,41969.34240362812,1,64,4.0,0.25,Sixteenth,2247,1299854,4
33816,41969.34240362812,43455.41950113379,1,63,4.25,0.25,Sixteenth,2247,1299854,4
33817,43455.41950113379,46427.573696145126,1,64,4.5,0.25,Sixteenth,2247,1299854,4
33818,46427.573696145126,48656.68934240363,1,66,4.75,0.25,Sixteenth,2247,1299854,4
33819,48656.68934240363,51257.32426303855,1,68,5.0,0.25,Sixteenth,2247,1299854,4
33820,51257.32426303855,53672.19954648526,1,69,5.25,0.25,Sixteenth,2247,1299854,4
33821,53672.19954648526,58873.4693877551,1,71,5.5,0.5,Eighth,2247,1299854,4
33822,55901.315192743765,58873.4693877551,1,68,5.75,0.25,Sixteenth,2247,1299854,4
33823,58873.4693877551,62031.383219954645,1,64,6.0,0.25,Sixteenth,2247,1299854,4
33824,58873.4693877551,68347.21088435374,1,73,6.0,1.0,Quarter,2247,1299854,4
33825,62031.383219954645,64074.73922902494,1,63,6.25,0.25,Sixteenth,2247,1299854,4
33826,64074.73922902494,66675.37414965987,1,64,6.5,0.25,Sixteenth,2247,1299854,4
33827,66675.37414965987,68347.21088435374,1,66,6.75,0.25,Sixteenth,2247,1299854,4
33828,68347.21088435374,71319.36507936507,1,64,7.0,0.25,Sixteenth,2247,1299854,4
33829,71319.36507936507,73920.0,1,66,7.25,0.25,Sixteenth,2247,1299854,4
33830,71319.36507936507,73920.0,1,63,7.25,0.25,Sixteenth,2247,1299854,4
33831,73920.0,75777.59637188209,1,68,7.5,0.25,Sixteenth,2247,1299854,4
33832,73920.0,75777.59637188209,1,64,7.5,0.25,Sixteenth,2247,1299854,4
33833,75777.59637188209,78749.75056689342,1,66,7.75,0.25,Sixteenth,2247,1299854,4
33834,75777.59637188209,78749.75056689342,1,70,7.75,0.25,Sixteenth,2247,1299854,4
33835,78749.75056689342,81164.26303854876,1,71,8.0,0.25,Sixteenth,2247,1299854,4
33836,78749.75056689342,81164.26303854876,1,63,8.0,0.25,Sixteenth,2247,1299854,4
33837,81164.26303854876,83022.22222222222,1,61,8.25,0.25,Sixteenth,2247,1299854,4
33838,81164.26303854876,83022.22222222222,1,70,8.25,0.25,Sixteenth,2247,1299854,4
33839,83022.22222222222,86180.13605442178,1,71,8.5,0.25,Sixteenth,2247,1299854,4
33840,83022.22222222222,86180.13605442178,1,63,8.5,0.25,Sixteenth,2247,1299854,4
33841,86180.13605442178,88595.01133786848,1,64,8.75,0.25,Sixteenth,2247,1299854,4
33842,86180.13605442178,88595.01133786848,1,73,8.75,0.25,Sixteenth,2247,1299854,4
33843,88595.01133786848,91195.6462585034,1,75,9.0,0.25,Sixteenth,2247,1299854,4
33844,88595.01133786848,91195.6462585034,1,66,9.0,0.25,Sixteenth,2247,1299854,4
33845,91195.6462585034,93610.15873015871,1,68,9.25,0.25,Sixteenth,2247,1299854,4
33846,91195.6462585034,93610.15873015871,1,76,9.25,0.25,Sixteenth,2247,1299854,4
33847,93610.15873015871,96025.39682539682,1,69,9.5,0.25,Sixteenth,2247,1299854,4
33848,93610.15873015871,96025.39682539682,1,78,9.5,0.25,Sixteenth,2247,1299854,4
33849,96025.39682539682,98440.27210884354,1,75,9.75,0.25,Sixteenth,2247,1299854,4
33850,96025.39682539682,98440.27210884354,1,66,9.75,0.25,Sixteenth,2247,1299854,4
33851,98440.27210884354,101412.42630385488,1,71,10.0,0.25,Sixteenth,2247,1299854,4
33852,98440.27210884354,103827.30158730158,1,68,10.0,0.5,Eighth,2247,1299854,4
33853,101412.42630385488,103827.30158730158,1,69,10.25,0.25,Sixteenth,2247,1299854,4
33854,103827.30158730158,108842.81179138322,1,59,10.5,0.5,Eighth,2247,1299854,4
33855,103827.30158730158,106985.21541950114,1,71,10.5,0.25,Sixteenth,2247,1299854,4
33856,106985.21541950114,108842.81179138322,1,73,10.75,0.25,Sixteenth,2247,1299854,4
33857,108842.81179138322,111257.68707482993,1,71,11.0,0.25,Sixteenth,2247,1299854,4
33858,108842.81179138322,124075.10204081632,1,64,11.0,1.5,Dotted Quarter,2247,1299854,4
33859,111257.68707482993,114044.08163265306,1,69,11.25,0.25,Sixteenth,2247,1299854,4
33860,114044.08163265306,115344.39909297052,1,71,11.5,0.25,Sixteenth,2247,1299854,4
33861,114044.08163265306,118316.55328798186,1,52,11.5,0.5,Eighth,2247,1299854,4
33862,115344.39909297052,118316.55328798186,1,73,11.75,0.25,Sixteenth,2247,1299854,4
33863,118316.55328798186,121660.22675736962,1,69,12.0,0.25,Sixteenth,2247,1299854,4
33864,118316.55328798186,128904.85260770976,1,54,12.0,1.0,Quarter,2247,1299854,4
33865,121660.22675736962,124075.10204081632,1,68,12.25,0.25,Sixteenth,2247,1299854,4
33866,124075.10204081632,126118.45804988664,1,69,12.5,0.25,Sixteenth,2247,1299854,4
33867,124075.10204081632,128904.85260770976,1,63,12.5,0.5,Eighth,2247,1299854,4
33868,126118.45804988664,128904.85260770976,1,71,12.75,0.25,Sixteenth,2247,1299854,4
33869,128904.85260770976,143765.62358276645,1,66,13.0,1.5,Dotted Quarter,2247,1299854,4
33870,128904.85260770976,131319.72789115645,1,69,13.0,0.25,Sixteenth,2247,1299854,4
33871,131319.72789115645,133363.08390022675,1,47,13.25,0.25,Sixteenth,2247,1299854,4
33872,131319.72789115645,133363.08390022675,1,68,13.25,0.25,Sixteenth,2247,1299854,4
33873,133363.08390022675,136334.87528344672,1,69,13.5,0.25,Sixteenth,2247,1299854,4
33874,133363.08390022675,136334.87528344672,1,49,13.5,0.25,Sixteenth,2247,1299854,4
33875,136334.87528344672,138750.1133786848,1,71,13.75,0.25,Sixteenth,2247,1299854,4
33876,136334.87528344672,138750.1133786848,1,51,13.75,0.25,Sixteenth,2247,1299854,4
33877,138750.1133786848,141907.66439909296,1,68,14.0,0.25,Sixteenth,2247,1299854,4
33878,138750.1133786848,141907.66439909296,1,52,14.0,0.25,Sixteenth,2247,1299854,4
33879,141907.66439909296,143765.62358276645,1,66,14.25,0.25,Sixteenth,2247,1299854,4
33880,141907.66439909296,143765.62358276645,1,51,14.25,0.25,Sixteenth,2247,1299854,4
33881,143765.62358276645,146366.25850340136,1,68,14.5,0.25,Sixteenth,2247,1299854,4
33882,143765.62358276645,146366.25850340136,1,52,14.5,0.25,Sixteenth,2247,1299854,4
33883,143765.62358276645,149152.6530612245,1,59,14.5,0.5,Eighth,2247,1299854,4
33884,146366.25850340136,149152.6530612245,1,70,14.75,0.25,Sixteenth,2247,1299854,4
33885,146366.25850340136,149152.6530612245,1,54,14.75,0.25,Sixteenth,2247,1299854,4
33886,149152.6530612245,153796.6439909297,1,64,15.0,0.5,Eighth,2247,1299854,4
33887,149152.6530612245,169771.97278911565,1,71,15.0,2.0,Half,2247,1299854,4
33888,149152.6530612245,152124.80725623583,1,56,15.0,0.25,Sixteenth,2247,1299854,4
33889,152124.80725623583,153796.6439909297,1,57,15.25,0.25,Sixteenth,2247,1299854,4
33890,153796.6439909297,156211.51927437642,1,59,15.5,0.25,Sixteenth,2247,1299854,4
33891,153796.6439909297,159183.31065759636,1,63,15.5,0.5,Eighth,2247,1299854,4
33892,156211.51927437642,159183.31065759636,1,56,15.75,0.25,Sixteenth,2247,1299854,4
33893,159183.31065759636,180174.51247165533,1,61,16.0,2.0,Half,2247,1299854,4
33894,159183.31065759636,161412.78911564627,1,52,16.0,0.25,Sixteenth,2247,1299854,4
33895,161412.78911564627,164384.9433106576,1,51,16.25,0.25,Sixteenth,2247,1299854,4
33896,164384.9433106576,166985.57823129251,1,52,16.5,0.25,Sixteenth,2247,1299854,4
33897,166985.57823129251,169771.97278911565,1,54,16.75,0.25,Sixteenth,2247,1299854,4
33898,169771.97278911565,180174.51247165533,1,70,17.0,1.0,Quarter,2247,1299854,4
33899,169771.97278911565,172558.3673469388,1,52,17.0,0.25,Sixteenth,2247,1299854,4
33900,172558.3673469388,174601.72335600908,1,51,17.25,0.25,Sixteenth,2247,1299854,4
33901,174601.72335600908,177388.1179138322,1,52,17.5,0.25,Sixteenth,2247,1299854,4
33902,177388.1179138322,180174.51247165533,1,54,17.75,0.25,Sixteenth,2247,1299854,4
33903,180174.51247165533,182403.62811791385,1,51,18.0,0.25,Sixteenth,2247,1299854,4
33904,180174.51247165533,185190.02267573695,1,71,18.0,0.5,Eighth,2247,1299854,4
33905,180174.51247165533,185190.02267573695,1,59,18.0,0.5,Eighth,2247,1299854,4
33906,182403.62811791385,185190.02267573695,1,49,18.25,0.25,Sixteenth,2247,1299854,4
33907,185190.02267573695,190391.2925170068,1,83,18.5,0.5,Eighth,2247,1299854,4
33908,185190.02267573695,187790.6575963719,1,51,18.5,0.25,Sixteenth,2247,1299854,4
33909,187790.6575963719,190391.2925170068,1,52,18.75,0.25,Sixteenth,2247,1299854,4
33910,190391.2925170068,192991.92743764172,1,54,19.0,0.25,Sixteenth,2247,1299854,4
33911,190391.2925170068,195035.283446712,1,75,19.0,0.5,Eighth,2247,1299854,4
33912,192991.92743764172,195035.283446712,1,56,19.25,0.25,Sixteenth,2247,1299854,4
33913,195035.283446712,197635.91836734695,1,57,19.5,0.25,Sixteenth,2247,1299854,4
33914,195035.283446712,200236.55328798183,1,78,19.5,0.5,Eighth,2247,1299854,4
33915,197635.91836734695,200236.55328798183,1,54,19.75,0.25,Sixteenth,2247,1299854,4
33916,200236.55328798183,202651.42857142855,1,56,20.0,0.25,Sixteenth,2247,1299854,4
33917,200236.55328798183,221041.6326530612,1,71,20.0,2.0,Half,2247,1299854,4
33918,202651.42857142855,205437.8231292517,1,54,20.25,0.25,Sixteenth,2247,1299854,4
33919,205437.8231292517,208224.2176870748,1,56,20.5,0.25,Sixteenth,2247,1299854,4
33920,205437.8231292517,211382.1315192744,1,76,20.5,0.5,Eighth,2247,1299854,4
33921,208224.2176870748,211382.1315192744,1,57,20.75,0.25,Sixteenth,2247,1299854,4
33922,211382.1315192744,216026.1224489796,1,68,21.0,0.5,Eighth,2247,1299854,4
33923,211382.1315192744,213239.72789115645,1,59,21.0,0.25,Sixteenth,2247,1299854,4
33924,213239.72789115645,216026.1224489796,1,61,21.25,0.25,Sixteenth,2247,1299854,4
33925,216026.1224489796,218255.2380952381,1,62,21.5,0.25,Sixteenth,2247,1299854,4
33926,216026.1224489796,221041.6326530612,1,71,21.5,0.5,Eighth,2247,1299854,4
33927,218255.2380952381,221041.6326530612,1,59,21.75,0.25,Sixteenth,2247,1299854,4
33928,221041.6326530612,224385.306122449,1,61,22.0,0.25,Sixteenth,2247,1299854,4
33929,221041.6326530612,226800.18140589568,1,64,22.0,0.5,Eighth,2247,1299854,4
33930,224385.306122449,226800.18140589568,1,59,22.25,0.25,Sixteenth,2247,1299854,4
33931,226800.18140589568,228843.537414966,1,61,22.5,0.25,Sixteenth,2247,1299854,4
33932,226800.18140589568,231444.17233560092,1,69,22.5,0.5,Eighth,2247,1299854,4
33933,226800.18140589568,236459.68253968257,1,66,22.5,1.0,Quarter,2247,1299854,4
33934,228843.537414966,231444.17233560092,1,63,22.75,0.25,Sixteenth,2247,1299854,4
33935,231444.17233560092,236459.68253968257,1,68,23.0,0.5,Eighth,2247,1299854,4
33936,231444.17233560092,233859.04761904763,1,64,23.0,0.25,Sixteenth,2247,1299854,4
33937,233859.04761904763,236459.68253968257,1,63,23.25,0.25,Sixteenth,2247,1299854,4
33938,236459.68253968257,239803.3560090703,1,61,23.5,0.25,Sixteenth,2247,1299854,4
33939,236459.68253968257,242589.75056689343,1,76,23.5,0.5,Eighth,2247,1299854,4
33940,236459.68253968257,242589.75056689343,1,61,23.5,0.5,Eighth,2247,1299854,4
33941,239803.3560090703,242589.75056689343,1,59,23.75,0.25,Sixteenth,2247,1299854,4
33942,242589.75056689343,244447.3469387755,1,57,24.0,0.25,Sixteenth,2247,1299854,4
33943,242589.75056689343,252249.25170068027,1,78,24.0,1.0,Quarter,2247,1299854,4
33944,242589.75056689343,252249.25170068027,1,64,24.0,1.0,Quarter,2247,1299854,4
33945,244447.3469387755,247791.02040816323,1,56,24.25,0.25,Sixteenth,2247,1299854,4
33946,247791.02040816323,249462.85714285713,1,57,24.5,0.25,Sixteenth,2247,1299854,4
33947,249462.85714285713,252249.25170068027,1,59,24.75,0.25,Sixteenth,2247,1299854,4
33948,252249.25170068027,256893.24263038547,1,63,25.0,0.5,Eighth,2247,1299854,4
33949,252249.25170068027,254849.8866213152,1,57,25.0,0.25,Sixteenth,2247,1299854,4
33950,254849.8866213152,256893.24263038547,1,56,25.25,0.25,Sixteenth,2247,1299854,4
33951,254849.8866213152,256893.24263038547,1,71,25.25,0.25,Sixteenth,2247,1299854,4
33952,256893.24263038547,262094.51247165533,1,66,25.5,0.5,Eighth,2247,1299854,4
33953,256893.24263038547,259865.39682539683,1,73,25.5,0.25,Sixteenth,2247,1299854,4
33954,256893.24263038547,259865.39682539683,1,57,25.5,0.25,Sixteenth,2247,1299854,4
33955,259865.39682539683,262094.51247165533,1,59,25.75,0.25,Sixteenth,2247,1299854,4
33956,259865.39682539683,262094.51247165533,1,75,25.75,0.25,Sixteenth,2247,1299854,4
33957,262094.51247165533,265066.6666666667,1,76,26.0,0.25,Sixteenth,2247,1299854,4
33958,262094.51247165533,267667.3015873016,1,56,26.0,0.5,Eighth,2247,1299854,4
33959,262094.51247165533,272682.8117913832,1,59,26.0,1.0,Quarter,2247,1299854,4
33960,265066.6666666667,267667.3015873016,1,75,26.25,0.25,Sixteenth,2247,1299854,4
33961,267667.3015873016,272682.8117913832,1,54,26.5,0.5,Eighth,2247,1299854,4
33962,267667.3015873016,270082.1768707483,1,76,26.5,0.25,Sixteenth,2247,1299854,4
33963,270082.1768707483,272682.8117913832,1,78,26.75,0.25,Sixteenth,2247,1299854,4
33964,272682.8117913832,274726.1678004535,1,80,27.0,0.25,Sixteenth,2247,1299854,4
33965,272682.8117913832,277141.04308390024,1,52,27.0,0.5,Eighth,2247,1299854,4
33966,274726.1678004535,277141.04308390024,1,81,27.25,0.25,Sixteenth,2247,1299854,4
33967,277141.04308390024,282528.0725623583,1,71,27.5,0.5,Eighth,2247,1299854,4
33968,277141.04308390024,280484.716553288,1,83,27.5,0.25,Sixteenth,2247,1299854,4
33969,277141.04308390024,282528.0725623583,1,51,27.5,0.5,Eighth,2247,1299854,4
33970,280484.716553288,282528.0725623583,1,80,27.75,0.25,Sixteenth,2247,1299854,4
33971,282528.0725623583,285128.7074829932,1,76,28.0,0.25,Sixteenth,2247,1299854,4
33972,282528.0725623583,292744.85260770976,1,73,28.0,1.0,Quarter,2247,1299854,4
33973,282528.0725623583,286800.1814058957,1,49,28.0,0.5,Eighth,2247,1299854,4
33974,285128.7074829932,286800.1814058957,1,75,28.25,0.25,Sixteenth,2247,1299854,4
33975,286800.1814058957,292744.85260770976,1,59,28.5,0.5,Eighth,2247,1299854,4
33976,286800.1814058957,289772.33560090704,1,76,28.5,0.25,Sixteenth,2247,1299854,4
33977,289772.33560090704,292744.85260770976,1,78,28.75,0.25,Sixteenth,2247,1299854,4
33978,292744.85260770976,297388.84353741497,1,58,29.0,0.5,Eighth,2247,1299854,4
33979,292744.85260770976,294973.9682539682,1,76,29.0,0.25,Sixteenth,2247,1299854,4
33980,294973.9682539682,297388.84353741497,1,66,29.25,0.25,Sixteenth,2247,1299854,4
33981,294973.9682539682,297388.84353741497,1,75,29.25,0.25,Sixteenth,2247,1299854,4
33982,297388.84353741497,299432.19954648527,1,68,29.5,0.25,Sixteenth,2247,1299854,4
33983,297388.84353741497,299432.19954648527,1,76,29.5,0.25,Sixteenth,2247,1299854,4
33984,297388.84353741497,302032.4716553288,1,54,29.5,0.5,Eighth,2247,1299854,4
33985,299432.19954648527,302032.4716553288,1,78,29.75,0.25,Sixteenth,2247,1299854,4
33986,299432.19954648527,302032.4716553288,1,70,29.75,0.25,Sixteenth,2247,1299854,4
33987,302032.4716553288,307047.9818594104,1,59,30.0,0.5,Eighth,2247,1299854,4
33988,302032.4716553288,304819.2290249433,1,75,30.0,0.25,Sixteenth,2247,1299854,4
33989,302032.4716553288,304819.2290249433,1,71,30.0,0.25,Sixteenth,2247,1299854,4
33990,304819.2290249433,307047.9818594104,1,70,30.25,0.25,Sixteenth,2247,1299854,4
33991,304819.2290249433,307047.9818594104,1,73,30.25,0.25,Sixteenth,2247,1299854,4
33992,307047.9818594104,309834.73922902497,1,71,30.5,0.25,Sixteenth,2247,1299854,4
33993,307047.9818594104,309834.73922902497,1,75,30.5,0.25,Sixteenth,2247,1299854,4
33994,309834.73922902497,312249.61451247166,1,76,30.75,0.25,Sixteenth,2247,1299854,4
33995,309834.73922902497,312249.61451247166,1,73,30.75,0.25,Sixteenth,2247,1299854,4
33996,312249.61451247166,314478.7301587302,1,78,31.0,0.25,Sixteenth,2247,1299854,4
33997,312249.61451247166,314478.7301587302,1,75,31.0,0.25,Sixteenth,2247,1299854,4
33998,314478.7301587302,317822.4036281179,1,80,31.25,0.25,Sixteenth,2247,1299854,4
33999,314478.7301587302,317822.4036281179,1,76,31.25,0.25,Sixteenth,2247,1299854,4
34000,317822.4036281179,320236.91609977325,1,78,31.5,0.25,Sixteenth,2247,1299854,4
34001,317822.4036281179,327110.38548752834,1,81,31.5,1.0,Quarter,2247,1299854,4
34002,320236.91609977325,322652.15419501136,1,75,31.75,0.25,Sixteenth,2247,1299854,4
34003,322652.15419501136,325252.7891156463,1,71,32.0,0.25,Sixteenth,2247,1299854,4
34004,325252.7891156463,327110.38548752834,1,69,32.25,0.25,Sixteenth,2247,1299854,4
34005,327110.38548752834,329525.26077097503,1,71,32.5,0.25,Sixteenth,2247,1299854,4
34006,327110.38548752834,331940.1360544218,1,75,32.5,0.5,Eighth,2247,1299854,4
34007,329525.26077097503,331940.1360544218,1,73,32.75,0.25,Sixteenth,2247,1299854,4
34008,331940.1360544218,334726.5306122449,1,71,33.0,0.25,Sixteenth,2247,1299854,4
34009,331940.1360544218,347172.42630385485,1,80,33.0,1.5,Dotted Quarter,2247,1299854,4
34010,334726.5306122449,338255.9637188209,1,69,33.25,0.25,Sixteenth,2247,1299854,4
34011,338255.9637188209,340856.5986394558,1,71,33.5,0.25,Sixteenth,2247,1299854,4
34012,340856.5986394558,343085.71428571426,1,73,33.75,0.25,Sixteenth,2247,1299854,4
34013,343085.71428571426,345686.34920634923,1,69,34.0,0.25,Sixteenth,2247,1299854,4
34014,345686.34920634923,347172.42630385485,1,68,34.25,0.25,Sixteenth,2247,1299854,4
34015,347172.42630385485,349773.0612244898,1,78,34.5,0.25,Sixteenth,2247,1299854,4
34016,347172.42630385485,349773.0612244898,1,69,34.5,0.25,Sixteenth,2247,1299854,4
34017,349773.0612244898,352744.85260770976,1,71,34.75,0.25,Sixteenth,2247,1299854,4
34018,349773.0612244898,352744.85260770976,1,76,34.75,0.25,Sixteenth,2247,1299854,4
34019,352744.85260770976,354602.8117913832,1,69,35.0,0.25,Sixteenth,2247,1299854,4
34020,352744.85260770976,363519.2743764172,1,75,35.0,1.0,Quarter,2247,1299854,4
34021,354602.8117913832,357203.44671201817,1,68,35.25,0.25,Sixteenth,2247,1299854,4
34022,357203.44671201817,359989.84126984124,1,69,35.5,0.25,Sixteenth,2247,1299854,4
34023,357203.44671201817,363519.2743764172,1,59,35.5,0.5,Eighth,2247,1299854,4
34024,359989.84126984124,363519.2743764172,1,71,35.75,0.25,Sixteenth,2247,1299854,4
34025,363519.2743764172,373364.5351473923,1,61,36.0,1.0,Quarter,2247,1299854,4
34026,363519.2743764172,366862.5850340136,1,76,36.0,0.25,Sixteenth,2247,1299854,4
34027,363519.2743764172,368534.7845804989,1,68,36.0,0.5,Eighth,2247,1299854,4
34028,366862.5850340136,368534.7845804989,1,75,36.25,0.25,Sixteenth,2247,1299854,4
34029,368534.7845804989,370763.9002267574,1,76,36.5,0.25,Sixteenth,2247,1299854,4
34030,368534.7845804989,373364.5351473923,1,64,36.5,0.5,Eighth,2247,1299854,4
34031,370763.9002267574,373364.5351473923,1,78,36.75,0.25,Sixteenth,2247,1299854,4
34032,373364.5351473923,396398.7301587302,1,69,37.0,2.25,Half,2247,1299854,4
34033,373364.5351473923,375407.8911564626,1,76,37.0,0.25,Sixteenth,2247,1299854,4
34034,375407.8911564626,378380.0453514739,1,54,37.25,0.25,Sixteenth,2247,1299854,4
34035,375407.8911564626,378380.0453514739,1,75,37.25,0.25,Sixteenth,2247,1299854,4
34036,378380.0453514739,380794.92063492065,1,56,37.5,0.25,Sixteenth,2247,1299854,4
34037,378380.0453514739,380794.92063492065,1,76,37.5,0.25,Sixteenth,2247,1299854,4
34038,380794.92063492065,383952.8344671202,1,57,37.75,0.25,Sixteenth,2247,1299854,4
34039,380794.92063492065,383952.8344671202,1,78,37.75,0.25,Sixteenth,2247,1299854,4
34040,383952.8344671202,386553.4693877551,1,59,38.0,0.25,Sixteenth,2247,1299854,4
34041,383952.8344671202,386553.4693877551,1,75,38.0,0.25,Sixteenth,2247,1299854,4
34042,386553.4693877551,388782.5850340136,1,57,38.25,0.25,Sixteenth,2247,1299854,4
34043,386553.4693877551,388782.5850340136,1,73,38.25,0.25,Sixteenth,2247,1299854,4
34044,388782.5850340136,390640.1814058957,1,75,38.5,0.25,Sixteenth,2247,1299854,4
34045,388782.5850340136,390640.1814058957,1,59,38.5,0.25,Sixteenth,2247,1299854,4
34046,390640.1814058957,393612.33560090704,1,76,38.75,0.25,Sixteenth,2247,1299854,4
34047,390640.1814058957,393612.33560090704,1,61,38.75,0.25,Sixteenth,2247,1299854,4
34048,393612.33560090704,396398.7301587302,1,63,39.0,0.25,Sixteenth,2247,1299854,4
34049,393612.33560090704,409587.66439909296,1,78,39.0,1.5,Dotted Quarter,2247,1299854,4
34050,396398.7301587302,398813.60544217686,1,64,39.25,0.25,Sixteenth,2247,1299854,4
34051,396398.7301587302,398813.60544217686,1,72,39.25,0.25,Sixteenth,2247,1299854,4
34052,398813.60544217686,401785.7596371882,1,63,39.5,0.25,Sixteenth,2247,1299854,4
34053,398813.60544217686,401785.7596371882,1,73,39.5,0.25,Sixteenth,2247,1299854,4
34054,401785.7596371882,404014.8752834467,1,61,39.75,0.25,Sixteenth,2247,1299854,4
34055,401785.7596371882,404014.8752834467,1,75,39.75,0.25,Sixteenth,2247,1299854,4
34056,404014.8752834467,419247.1655328798,1,68,40.0,1.5,Dotted Quarter,2247,1299854,4
34057,404014.8752834467,406801.2698412698,1,60,40.0,0.25,Sixteenth,2247,1299854,4
34058,406801.2698412698,409587.66439909296,1,56,40.25,0.25,Sixteenth,2247,1299854,4
34059,409587.66439909296,412002.5396825397,1,58,40.5,0.25,Sixteenth,2247,1299854,4
34060,409587.66439909296,412002.5396825397,1,76,40.5,0.25,Sixteenth,2247,1299854,4
34061,412002.5396825397,414231.65532879817,1,60,40.75,0.25,Sixteenth,2247,1299854,4
34062,412002.5396825397,414231.65532879817,1,75,40.75,0.25,Sixteenth,2247,1299854,4
34063,414231.65532879817,416832.29024943314,1,61,41.0,0.25,Sixteenth,2247,1299854,4
34064,414231.65532879817,430206.98412698414,1,76,41.0,1.5,Dotted Quarter,2247,1299854,4
34065,416832.29024943314,419247.1655328798,1,63,41.25,0.25,Sixteenth,2247,1299854,4
34066,419247.1655328798,422033.56009070296,1,64,41.5,0.25,Sixteenth,2247,1299854,4
34067,419247.1655328798,425377.2335600907,1,73,41.5,0.5,Eighth,2247,1299854,4
34068,422033.56009070296,425377.2335600907,1,61,41.75,0.25,Sixteenth,2247,1299854,4
34069,425377.2335600907,456213.3333333333,1,66,42.0,3.0,Dotted Half,2247,1299854,4
34070,425377.2335600907,427606.3492063492,1,57,42.0,0.25,Sixteenth,2247,1299854,4
34071,427606.3492063492,430206.98412698414,1,56,42.25,0.25,Sixteenth,2247,1299854,4
34072,430206.98412698414,434293.69614512473,1,76,42.5,0.5,Eighth,2247,1299854,4
34073,430206.98412698414,432621.8594104308,1,57,42.5,0.25,Sixteenth,2247,1299854,4
34074,432621.8594104308,434293.69614512473,1,59,42.75,0.25,Sixteenth,2247,1299854,4
34075,434293.69614512473,440609.5238095238,1,75,43.0,0.5,Eighth,2247,1299854,4
34076,434293.69614512473,437823.12925170065,1,57,43.0,0.25,Sixteenth,2247,1299854,4
34077,437823.12925170065,440609.5238095238,1,56,43.25,0.25,Sixteenth,2247,1299854,4
34078,440609.5238095238,445439.2743764172,1,73,43.5,0.5,Eighth,2247,1299854,4
34079,440609.5238095238,442281.3605442177,1,57,43.5,0.25,Sixteenth,2247,1299854,4
34080,442281.3605442177,445439.2743764172,1,59,43.75,0.25,Sixteenth,2247,1299854,4
34081,445439.2743764172,447668.39002267574,1,56,44.0,0.25,Sixteenth,2247,1299854,4
34082,445439.2743764172,450454.7845804989,1,72,44.0,0.5,Eighth,2247,1299854,4
34083,447668.39002267574,450454.7845804989,1,52,44.25,0.25,Sixteenth,2247,1299854,4
34084,450454.7845804989,456213.3333333333,1,68,44.5,0.5,Eighth,2247,1299854,4
34085,450454.7845804989,453798.4580498866,1,54,44.5,0.25,Sixteenth,2247,1299854,4
34086,453798.4580498866,456213.3333333333,1,56,44.75,0.25,Sixteenth,2247,1299854,4
34087,456213.3333333333,471817.1428571429,1,73,45.0,1.5,Dotted Quarter,2247,1299854,4
34088,456213.3333333333,461414.6031746032,1,64,45.0,0.5,Eighth,2247,1299854,4
34089,456213.3333333333,458442.44897959183,1,57,45.0,0.25,Sixteenth,2247,1299854,4
34090,458442.44897959183,461414.6031746032,1,59,45.25,0.25,Sixteenth,2247,1299854,4
34091,461414.6031746032,466615.873015873,1,69,45.5,0.5,Eighth,2247,1299854,4
34092,461414.6031746032,464200.99773242633,1,61,45.5,0.25,Sixteenth,2247,1299854,4
34093,464200.99773242633,466615.873015873,1,57,45.75,0.25,Sixteenth,2247,1299854,4
34094,466615.873015873,469773.78684807254,1,54,46.0,0.25,Sixteenth,2247,1299854,4
34095,466615.873015873,471817.1428571429,1,63,46.0,0.5,Eighth,2247,1299854,4
34096,469773.78684807254,471817.1428571429,1,52,46.25,0.25,Sixteenth,2247,1299854,4
34097,471817.1428571429,478132.9705215419,1,75,46.5,0.5,Eighth,2247,1299854,4
34098,471817.1428571429,474975.0566893424,1,54,46.5,0.25,Sixteenth,2247,1299854,4
34099,471817.1428571429,478132.9705215419,1,66,46.5,0.5,Eighth,2247,1299854,4
34100,474975.0566893424,478132.9705215419,1,56,46.75,0.25,Sixteenth,2247,1299854,4
34101,478132.9705215419,480733.60544217686,1,54,47.0,0.25,Sixteenth,2247,1299854,4
34102,478132.9705215419,482405.4421768708,1,68,47.0,0.5,Eighth,2247,1299854,4
34103,478132.9705215419,482405.4421768708,1,60,47.0,0.5,Eighth,2247,1299854,4
34104,480733.60544217686,482405.4421768708,1,52,47.25,0.25,Sixteenth,2247,1299854,4
34105,482405.4421768708,485191.8367346939,1,70,47.5,0.25,Sixteenth,2247,1299854,4
34106,482405.4421768708,485191.8367346939,1,54,47.5,0.25,Sixteenth,2247,1299854,4
34107,482405.4421768708,487420.9523809524,1,63,47.5,0.5,Eighth,2247,1299854,4
34108,485191.8367346939,487420.9523809524,1,56,47.75,0.25,Sixteenth,2247,1299854,4
34109,485191.8367346939,487420.9523809524,1,72,47.75,0.25,Sixteenth,2247,1299854,4
34110,487420.9523809524,493365.26077097503,1,56,48.0,0.5,Eighth,2247,1299854,4
34111,487420.9523809524,490393.1065759637,1,73,48.0,0.25,Sixteenth,2247,1299854,4
34112,487420.9523809524,493365.26077097503,1,52,48.0,0.5,Eighth,2247,1299854,4
34113,490393.1065759637,493365.26077097503,1,72,48.25,0.25,Sixteenth,2247,1299854,4
34114,493365.26077097503,495780.1360544218,1,73,48.5,0.25,Sixteenth,2247,1299854,4
34115,493365.26077097503,498380.7709750567,1,51,48.5,0.5,Eighth,2247,1299854,4
34116,495780.1360544218,498380.7709750567,1,75,48.75,0.25,Sixteenth,2247,1299854,4
34117,498380.7709750567,503582.0408163265,1,49,49.0,0.5,Eighth,2247,1299854,4
34118,498380.7709750567,500609.8866213152,1,76,49.0,0.25,Sixteenth,2247,1299854,4
34119,500609.8866213152,503582.0408163265,1,78,49.25,0.25,Sixteenth,2247,1299854,4
34120,503582.0408163265,505439.63718820864,1,80,49.5,0.25,Sixteenth,2247,1299854,4
34121,503582.0408163265,508411.79138321994,1,52,49.5,0.5,Eighth,2247,1299854,4
34122,505439.63718820864,508411.79138321994,1,76,49.75,0.25,Sixteenth,2247,1299854,4
34123,508411.79138321994,513613.0612244898,1,46,50.0,0.5,Eighth,2247,1299854,4
34124,508411.79138321994,511012.42630385485,1,73,50.0,0.25,Sixteenth,2247,1299854,4
34125,511012.42630385485,513613.0612244898,1,71,50.25,0.25,Sixteenth,2247,1299854,4
34126,513613.0612244898,515842.1768707483,1,73,50.5,0.25,Sixteenth,2247,1299854,4
34127,513613.0612244898,518442.8117913832,1,56,50.5,0.5,Eighth,2247,1299854,4
34128,515842.1768707483,518442.8117913832,1,75,50.75,0.25,Sixteenth,2247,1299854,4
34129,518442.8117913832,523458.32199546485,1,55,51.0,0.5,Eighth,2247,1299854,4
34130,518442.8117913832,521600.7256235828,1,73,51.0,0.25,Sixteenth,2247,1299854,4
34131,518442.8117913832,538876.0090702948,1,58,51.0,2.0,Half,2247,1299854,4
34132,521600.7256235828,523458.32199546485,1,71,51.25,0.25,Sixteenth,2247,1299854,4
34133,523458.32199546485,526058.9569160998,1,73,51.5,0.25,Sixteenth,2247,1299854,4
34134,523458.32199546485,529588.3900226757,1,51,51.5,0.5,Eighth,2247,1299854,4
34135,526058.9569160998,529588.3900226757,1,75,51.75,0.25,Sixteenth,2247,1299854,4
34136,529588.3900226757,534232.380952381,1,44,52.0,0.5,Eighth,2247,1299854,4
34137,529588.3900226757,532003.2653061225,1,71,52.0,0.25,Sixteenth,2247,1299854,4
34138,532003.2653061225,534232.380952381,1,70,52.25,0.25,Sixteenth,2247,1299854,4
34139,534232.380952381,538876.0090702948,1,46,52.5,0.5,Eighth,2247,1299854,4
34140,534232.380952381,536461.4965986394,1,71,52.5,0.25,Sixteenth,2247,1299854,4
34141,536461.4965986394,538876.0090702948,1,73,52.75,0.25,Sixteenth,2247,1299854,4
34142,538876.0090702948,550764.9886621315,1,56,53.0,1.0,Quarter,2247,1299854,4
34143,538876.0090702948,541848.5260770975,1,75,53.0,0.25,Sixteenth,2247,1299854,4
34144,538876.0090702948,544820.6802721089,1,47,53.0,0.5,Eighth,2247,1299854,4
34145,541848.5260770975,544820.6802721089,1,76,53.25,0.25,Sixteenth,2247,1299854,4
34146,544820.6802721089,547792.8344671202,1,78,53.5,0.25,Sixteenth,2247,1299854,4
34147,544820.6802721089,550764.9886621315,1,46,53.5,0.5,Eighth,2247,1299854,4
34148,547792.8344671202,550764.9886621315,1,75,53.75,0.25,Sixteenth,2247,1299854,4
34149,550764.9886621315,556337.7777777778,1,44,54.0,0.5,Eighth,2247,1299854,4
34150,550764.9886621315,553179.5011337869,1,71,54.0,0.25,Sixteenth,2247,1299854,4
34151,553179.5011337869,556337.7777777778,1,69,54.25,0.25,Sixteenth,2247,1299854,4
34152,556337.7777777778,558938.4126984127,1,71,54.5,0.25,Sixteenth,2247,1299854,4
34153,556337.7777777778,560610.2494331066,1,54,54.5,0.5,Eighth,2247,1299854,4
34154,558938.4126984127,560610.2494331066,1,73,54.75,0.25,Sixteenth,2247,1299854,4
34155,560610.2494331066,580858.0498866213,1,56,55.0,2.0,Half,2247,1299854,4
34156,560610.2494331066,563025.1247165533,1,71,55.0,0.25,Sixteenth,2247,1299854,4
34157,560610.2494331066,565253.8775510204,1,53,55.0,0.5,Eighth,2247,1299854,4
34158,563025.1247165533,565253.8775510204,1,69,55.25,0.25,Sixteenth,2247,1299854,4
34159,565253.8775510204,571383.9455782312,1,49,55.5,0.5,Eighth,2247,1299854,4
34160,565253.8775510204,568040.6349206349,1,71,55.5,0.25,Sixteenth,2247,1299854,4
34161,568040.6349206349,571383.9455782312,1,73,55.75,0.25,Sixteenth,2247,1299854,4
34162,571383.9455782312,573427.3015873015,1,69,56.0,0.25,Sixteenth,2247,1299854,4
34163,571383.9455782312,575285.260770975,1,42,56.0,0.5,Eighth,2247,1299854,4
34164,573427.3015873015,575285.260770975,1,68,56.25,0.25,Sixteenth,2247,1299854,4
34165,575285.260770975,578443.1746031746,1,69,56.5,0.25,Sixteenth,2247,1299854,4
34166,575285.260770975,580858.0498866213,1,44,56.5,0.5,Eighth,2247,1299854,4
34167,578443.1746031746,580858.0498866213,1,71,56.75,0.25,Sixteenth,2247,1299854,4
34168,580858.0498866213,582901.4058956916,1,73,57.0,0.25,Sixteenth,2247,1299854,4
34169,580858.0498866213,586616.5986394557,1,45,57.0,0.5,Eighth,2247,1299854,4
34170,580858.0498866213,591260.589569161,1,54,57.0,1.0,Quarter,2247,1299854,4
34171,582901.4058956916,586616.5986394557,1,75,57.25,0.25,Sixteenth,2247,1299854,4
34172,586616.5986394557,588474.1950113379,1,76,57.5,0.25,Sixteenth,2247,1299854,4
34173,586616.5986394557,591260.589569161,1,44,57.5,0.5,Eighth,2247,1299854,4
34174,588474.1950113379,591260.589569161,1,73,57.75,0.25,Sixteenth,2247,1299854,4
34175,591260.589569161,593675.1020408163,1,75,58.0,0.25,Sixteenth,2247,1299854,4
34176,591260.589569161,596461.8594104309,1,42,58.0,0.5,Eighth,2247,1299854,4
34177,593675.1020408163,596461.8594104309,1,73,58.25,0.25,Sixteenth,2247,1299854,4
34178,596461.8594104309,601291.6099773243,1,52,58.5,0.5,Eighth,2247,1299854,4
34179,596461.8594104309,598505.2154195012,1,75,58.5,0.25,Sixteenth,2247,1299854,4
34180,598505.2154195012,601291.6099773243,1,76,58.75,0.25,Sixteenth,2247,1299854,4
34181,601291.6099773243,604263.7641723356,1,78,59.0,0.25,Sixteenth,2247,1299854,4
34182,601291.6099773243,622096.3265306122,1,54,59.0,2.0,Half,2247,1299854,4
34183,601291.6099773243,606307.1201814059,1,51,59.0,0.5,Eighth,2247,1299854,4
34184,604263.7641723356,606307.1201814059,1,80,59.25,0.25,Sixteenth,2247,1299854,4
34185,606307.1201814059,608721.9954648527,1,81,59.5,0.25,Sixteenth,2247,1299854,4
34186,606307.1201814059,611508.3900226757,1,49,59.5,0.5,Eighth,2247,1299854,4
34187,608721.9954648527,611508.3900226757,1,78,59.75,0.25,Sixteenth,2247,1299854,4
34188,611508.3900226757,613922.9024943311,1,80,60.0,0.25,Sixteenth,2247,1299854,4
34189,611508.3900226757,616709.6598639456,1,48,60.0,0.5,Eighth,2247,1299854,4
34190,613922.9024943311,616709.6598639456,1,78,60.25,0.25,Sixteenth,2247,1299854,4
34191,616709.6598639456,619496.0544217688,1,76,60.5,0.25,Sixteenth,2247,1299854,4
34192,616709.6598639456,622096.3265306122,1,44,60.5,0.5,Eighth,2247,1299854,4
34193,619496.0544217688,622096.3265306122,1,75,60.75,0.25,Sixteenth,2247,1299854,4
34194,622096.3265306122,623954.2857142857,1,73,61.0,0.25,Sixteenth,2247,1299854,4
34195,622096.3265306122,626740.6802721089,1,45,61.0,0.5,Eighth,2247,1299854,4
34196,622096.3265306122,626740.6802721089,1,52,61.0,0.5,Eighth,2247,1299854,4
34197,623954.2857142857,626740.6802721089,1,71,61.25,0.25,Sixteenth,2247,1299854,4
34198,626740.6802721089,632499.2290249433,1,61,61.5,0.5,Eighth,2247,1299854,4
34199,626740.6802721089,629527.074829932,1,69,61.5,0.25,Sixteenth,2247,1299854,4
34200,626740.6802721089,632499.2290249433,1,52,61.5,0.5,Eighth,2247,1299854,4
34201,629527.074829932,632499.2290249433,1,68,61.75,0.25,Sixteenth,2247,1299854,4
34202,632499.2290249433,643087.5283446712,1,63,62.0,1.0,Quarter,2247,1299854,4
34203,632499.2290249433,635285.6235827664,1,66,62.0,0.25,Sixteenth,2247,1299854,4
34204,632499.2290249433,635285.6235827664,1,54,62.0,0.25,Sixteenth,2247,1299854,4
34205,635285.6235827664,637143.2199546485,1,52,62.25,0.25,Sixteenth,2247,1299854,4
34206,635285.6235827664,637143.2199546485,1,68,62.25,0.25,Sixteenth,2247,1299854,4
34207,637143.2199546485,640115.3741496599,1,69,62.5,0.25,Sixteenth,2247,1299854,4
34208,637143.2199546485,643087.5283446712,1,54,62.5,0.5,Eighth,2247,1299854,4
34209,640115.3741496599,643087.5283446712,1,66,62.75,0.25,Sixteenth,2247,1299854,4
34210,643087.5283446712,647917.2789115646,1,63,63.0,0.5,Eighth,2247,1299854,4
34211,643087.5283446712,647917.2789115646,1,56,63.0,0.5,Eighth,2247,1299854,4
34212,645873.9229024943,647917.2789115646,1,56,63.25,0.25,Sixteenth,2247,1299854,4
34213,647917.2789115646,652560.9070294785,1,68,63.5,0.5,Eighth,2247,1299854,4
34214,647917.2789115646,649960.6349206349,1,58,63.5,0.25,Sixteenth,2247,1299854,4
34215,647917.2789115646,652560.9070294785,1,44,63.5,0.5,Eighth,2247,1299854,4
34216,649960.6349206349,652560.9070294785,1,60,63.75,0.25,Sixteenth,2247,1299854,4
34217,652560.9070294785,657948.2993197279,1,49,64.0,0.5,Eighth,2247,1299854,4
34218,652560.9070294785,654976.1451247166,1,61,64.0,0.25,Sixteenth,2247,1299854,4
34219,652560.9070294785,657948.2993197279,1,64,64.0,0.5,Eighth,2247,1299854,4
34220,654976.1451247166,657948.2993197279,1,60,64.25,0.25,Sixteenth,2247,1299854,4
34221,657948.2993197279,662777.6870748299,1,68,64.5,0.5,Eighth,2247,1299854,4
34222,657948.2993197279,660363.1746031746,1,61,64.5,0.25,Sixteenth,2247,1299854,4
34223,660363.1746031746,662777.6870748299,1,63,64.75,0.25,Sixteenth,2247,1299854,4
34224,662777.6870748299,665564.4444444445,1,64,65.0,0.25,Sixteenth,2247,1299854,4
34225,662777.6870748299,667793.560090703,1,73,65.0,0.5,Eighth,2247,1299854,4
34226,665564.4444444445,667793.560090703,1,66,65.25,0.25,Sixteenth,2247,1299854,4
34227,667793.560090703,670022.6757369614,1,68,65.5,0.25,Sixteenth,2247,1299854,4
34228,667793.560090703,673180.589569161,1,71,65.5,0.5,Eighth,2247,1299854,4
34229,670022.6757369614,673180.589569161,1,64,65.75,0.25,Sixteenth,2247,1299854,4
34230,673180.589569161,676152.7437641723,1,76,66.0,0.25,Sixteenth,2247,1299854,4
34231,673180.589569161,676152.7437641723,1,61,66.0,0.25,Sixteenth,2247,1299854,4
34232,676152.7437641723,678010.3401360544,1,59,66.25,0.25,Sixteenth,2247,1299854,4
34233,676152.7437641723,678010.3401360544,1,75,66.25,0.25,Sixteenth,2247,1299854,4
34234,678010.3401360544,680982.1315192743,1,61,66.5,0.25,Sixteenth,2247,1299854,4
34235,678010.3401360544,680982.1315192743,1,73,66.5,0.25,Sixteenth,2247,1299854,4
34236,680982.1315192743,683211.6099773243,1,71,66.75,0.25,Sixteenth,2247,1299854,4
34237,680982.1315192743,683211.6099773243,1,63,66.75,0.25,Sixteenth,2247,1299854,4
34238,683211.6099773243,697143.2199546485,1,69,67.0,1.5,Dotted Quarter,2247,1299854,4
34239,683211.6099773243,685998.0045351473,1,61,67.0,0.25,Sixteenth,2247,1299854,4
34240,685998.0045351473,687669.8412698413,1,59,67.25,0.25,Sixteenth,2247,1299854,4
34241,687669.8412698413,690270.4761904762,1,61,67.5,0.25,Sixteenth,2247,1299854,4
34242,690270.4761904762,693242.2675736961,1,63,67.75,0.25,Sixteenth,2247,1299854,4
34243,693242.2675736961,696029.0249433107,1,59,68.0,0.25,Sixteenth,2247,1299854,4
34244,696029.0249433107,697143.2199546485,1,56,68.25,0.25,Sixteenth,2247,1299854,4
34245,697143.2199546485,703459.410430839,1,61,68.5,0.5,Eighth,2247,1299854,4
34246,697143.2199546485,700487.2562358277,1,57,68.5,0.25,Sixteenth,2247,1299854,4
34247,700487.2562358277,703459.410430839,1,59,68.75,0.25,Sixteenth,2247,1299854,4
34248,703459.410430839,705874.2857142857,1,61,69.0,0.25,Sixteenth,2247,1299854,4
34249,703459.410430839,708660.6802721089,1,69,69.0,0.5,Eighth,2247,1299854,4
34250,705874.2857142857,708660.6802721089,1,63,69.25,0.25,Sixteenth,2247,1299854,4
34251,708660.6802721089,710704.0362811792,1,64,69.5,0.25,Sixteenth,2247,1299854,4
34252,708660.6802721089,714233.4693877551,1,68,69.5,0.5,Eighth,2247,1299854,4
34253,710704.0362811792,714233.4693877551,1,61,69.75,0.25,Sixteenth,2247,1299854,4
34254,714233.4693877551,716834.1043083901,1,57,70.0,0.25,Sixteenth,2247,1299854,4
34255,714233.4693877551,716834.1043083901,1,73,70.0,0.25,Sixteenth,2247,1299854,4
34256,716834.1043083901,719063.2199546485,1,56,70.25,0.25,Sixteenth,2247,1299854,4
34257,716834.1043083901,719063.2199546485,1,71,70.25,0.25,Sixteenth,2247,1299854,4
34258,719063.2199546485,721663.4920634921,1,69,70.5,0.25,Sixteenth,2247,1299854,4
34259,719063.2199546485,721663.4920634921,1,57,70.5,0.25,Sixteenth,2247,1299854,4
34260,721663.4920634921,724450.2494331066,1,59,70.75,0.25,Sixteenth,2247,1299854,4
34261,721663.4920634921,724450.2494331066,1,68,70.75,0.25,Sixteenth,2247,1299854,4
34262,724450.2494331066,726679.3650793651,1,57,71.0,0.25,Sixteenth,2247,1299854,4
34263,724450.2494331066,739682.5396825396,1,66,71.0,1.5,Dotted Quarter,2247,1299854,4
34264,726679.3650793651,728536.9614512472,1,56,71.25,0.25,Sixteenth,2247,1299854,4
34265,728536.9614512472,731323.3560090703,1,57,71.5,0.25,Sixteenth,2247,1299854,4
34266,731323.3560090703,734295.5102040817,1,59,71.75,0.25,Sixteenth,2247,1299854,4
34267,734295.5102040817,736710.3854875284,1,56,72.0,0.25,Sixteenth,2247,1299854,4
34268,736710.3854875284,739682.5396825396,1,54,72.25,0.25,Sixteenth,2247,1299854,4
34269,739682.5396825396,742468.9342403628,1,64,72.5,0.25,Sixteenth,2247,1299854,4
34270,739682.5396825396,742468.9342403628,1,56,72.5,0.25,Sixteenth,2247,1299854,4
34271,742468.9342403628,744512.2902494331,1,63,72.75,0.25,Sixteenth,2247,1299854,4
34272,742468.9342403628,744512.2902494331,1,57,72.75,0.25,Sixteenth,2247,1299854,4
34273,744512.2902494331,747298.6848072562,1,64,73.0,0.25,Sixteenth,2247,1299854,4
34274,744512.2902494331,750084.7165532879,1,56,73.0,0.5,Eighth,2247,1299854,4
34275,747298.6848072562,750084.7165532879,1,66,73.25,0.25,Sixteenth,2247,1299854,4
34276,750084.7165532879,756029.0249433107,1,52,73.5,0.5,Eighth,2247,1299854,4
34277,750084.7165532879,752314.1950113379,1,68,73.5,0.25,Sixteenth,2247,1299854,4
34278,750084.7165532879,759930.3401360544,1,59,73.5,1.0,Quarter,2247,1299854,4
34279,752314.1950113379,756029.0249433107,1,64,73.75,0.25,Sixteenth,2247,1299854,4
34280,756029.0249433107,766060.4081632653,1,54,74.0,1.0,Quarter,2247,1299854,4
34281,756029.0249433107,758072.380952381,1,61,74.0,0.25,Sixteenth,2247,1299854,4
34282,758072.380952381,759930.3401360544,1,68,74.25,0.25,Sixteenth,2247,1299854,4
34283,759930.3401360544,763831.2925170067,1,57,74.5,0.25,Sixteenth,2247,1299854,4
34284,759930.3401360544,763831.2925170067,1,66,74.5,0.25,Sixteenth,2247,1299854,4
34285,763831.2925170067,766060.4081632653,1,56,74.75,0.25,Sixteenth,2247,1299854,4
34286,763831.2925170067,766060.4081632653,1,64,74.75,0.25,Sixteenth,2247,1299854,4
34287,766060.4081632653,770147.1201814059,1,63,75.0,0.5,Eighth,2247,1299854,4
34288,766060.4081632653,768289.5238095238,1,57,75.0,0.25,Sixteenth,2247,1299854,4
34289,768289.5238095238,770147.1201814059,1,61,75.25,0.25,Sixteenth,2247,1299854,4
34290,768289.5238095238,770147.1201814059,1,47,75.25,0.25,Sixteenth,2247,1299854,4
34291,770147.1201814059,773119.2743764173,1,59,75.5,0.25,Sixteenth,2247,1299854,4
34292,770147.1201814059,773119.2743764173,1,49,75.5,0.25,Sixteenth,2247,1299854,4
34293,773119.2743764173,775348.3900226757,1,57,75.75,0.25,Sixteenth,2247,1299854,4
34294,773119.2743764173,775348.3900226757,1,51,75.75,0.25,Sixteenth,2247,1299854,4
34295,775348.3900226757,778134.7845804988,1,56,76.0,0.25,Sixteenth,2247,1299854,4
34296,775348.3900226757,778134.7845804988,1,52,76.0,0.25,Sixteenth,2247,1299854,4
34297,778134.7845804988,779992.380952381,1,59,76.25,0.25,Sixteenth,2247,1299854,4
34298,778134.7845804988,779992.380952381,1,51,76.25,0.25,Sixteenth,2247,1299854,4
34299,779992.380952381,782778.775510204,1,61,76.5,0.25,Sixteenth,2247,1299854,4
34300,779992.380952381,782778.775510204,1,52,76.5,0.25,Sixteenth,2247,1299854,4
34301,782778.775510204,785936.6893424037,1,63,76.75,0.25,Sixteenth,2247,1299854,4
34302,782778.775510204,785936.6893424037,1,54,76.75,0.25,Sixteenth,2247,1299854,4
34303,785936.6893424037,788351.5646258503,1,64,77.0,0.25,Sixteenth,2247,1299854,4
34304,785936.6893424037,788351.5646258503,1,56,77.0,0.25,Sixteenth,2247,1299854,4
34305,788351.5646258503,790766.439909297,1,66,77.25,0.25,Sixteenth,2247,1299854,4
34306,788351.5646258503,790766.439909297,1,57,77.25,0.25,Sixteenth,2247,1299854,4
34307,790766.439909297,792624.0362811792,1,68,77.5,0.25,Sixteenth,2247,1299854,4
34308,790766.439909297,792624.0362811792,1,59,77.5,0.25,Sixteenth,2247,1299854,4
34309,792624.0362811792,795967.7097505669,1,64,77.75,0.25,Sixteenth,2247,1299854,4
34310,792624.0362811792,795967.7097505669,1,56,77.75,0.25,Sixteenth,2247,1299854,4
34311,795967.7097505669,798011.0657596372,1,52,78.0,0.25,Sixteenth,2247,1299854,4
34312,795967.7097505669,804884.172335601,1,73,78.0,1.0,Quarter,2247,1299854,4
34313,798011.0657596372,800054.4217687075,1,51,78.25,0.25,Sixteenth,2247,1299854,4
34314,800054.4217687075,802283.537414966,1,52,78.5,0.25,Sixteenth,2247,1299854,4
34315,802283.537414966,804884.172335601,1,54,78.75,0.25,Sixteenth,2247,1299854,4
34316,804884.172335601,808042.0861678005,1,52,79.0,0.25,Sixteenth,2247,1299854,4
34317,808042.0861678005,810828.4807256236,1,66,79.25,0.25,Sixteenth,2247,1299854,4
34318,808042.0861678005,810828.4807256236,1,51,79.25,0.25,Sixteenth,2247,1299854,4
34319,810828.4807256236,813429.1156462585,1,52,79.5,0.25,Sixteenth,2247,1299854,4
34320,810828.4807256236,813429.1156462585,1,68,79.5,0.25,Sixteenth,2247,1299854,4
34321,813429.1156462585,815843.9909297052,1,54,79.75,0.25,Sixteenth,2247,1299854,4
34322,813429.1156462585,815843.9909297052,1,70,79.75,0.25,Sixteenth,2247,1299854,4
34323,815843.9909297052,821416.7800453515,1,51,80.0,0.5,Eighth,2247,1299854,4
34324,815843.9909297052,818630.3854875284,1,71,80.0,0.25,Sixteenth,2247,1299854,4
34325,818630.3854875284,821416.7800453515,1,70,80.25,0.25,Sixteenth,2247,1299854,4
34326,821416.7800453515,823645.8956916099,1,71,80.5,0.25,Sixteenth,2247,1299854,4
34327,821416.7800453515,825875.0113378685,1,54,80.5,0.5,Eighth,2247,1299854,4
34328,823645.8956916099,825875.0113378685,1,73,80.75,0.25,Sixteenth,2247,1299854,4
34329,825875.0113378685,831076.2811791383,1,47,81.0,0.5,Eighth,2247,1299854,4
34330,825875.0113378685,828104.126984127,1,75,81.0,0.25,Sixteenth,2247,1299854,4
34331,828104.126984127,831076.2811791383,1,76,81.25,0.25,Sixteenth,2247,1299854,4
34332,831076.2811791383,841293.0612244898,1,52,81.5,1.0,Quarter,2247,1299854,4
34333,831076.2811791383,836277.5510204082,1,64,81.5,0.5,Eighth,2247,1299854,4
34334,831076.2811791383,834048.4353741497,1,78,81.5,0.25,Sixteenth,2247,1299854,4
34335,834048.4353741497,836277.5510204082,1,80,81.75,0.25,Sixteenth,2247,1299854,4
34336,836277.5510204082,846308.5714285715,1,66,82.0,1.0,Quarter,2247,1299854,4
34337,836277.5510204082,838692.4263038549,1,69,82.0,0.25,Sixteenth,2247,1299854,4
34338,838692.4263038549,841293.0612244898,1,68,82.25,0.25,Sixteenth,2247,1299854,4
34339,841293.0612244898,844079.4557823129,1,69,82.5,0.25,Sixteenth,2247,1299854,4
34340,841293.0612244898,844079.4557823129,1,51,82.5,0.25,Sixteenth,2247,1299854,4
34341,844079.4557823129,846308.5714285715,1,71,82.75,0.25,Sixteenth,2247,1299854,4
34342,844079.4557823129,846308.5714285715,1,49,82.75,0.25,Sixteenth,2247,1299854,4
34343,846308.5714285715,850581.0430839002,1,51,83.0,0.5,Eighth,2247,1299854,4
34344,846308.5714285715,848351.9274376418,1,69,83.0,0.25,Sixteenth,2247,1299854,4
34345,848351.9274376418,850581.0430839002,1,59,83.25,0.25,Sixteenth,2247,1299854,4
34346,848351.9274376418,850581.0430839002,1,68,83.25,0.25,Sixteenth,2247,1299854,4
34347,850581.0430839002,853738.9569160998,1,69,83.5,0.25,Sixteenth,2247,1299854,4
34348,850581.0430839002,853738.9569160998,1,61,83.5,0.25,Sixteenth,2247,1299854,4
34349,850581.0430839002,855968.0725623582,1,59,83.5,0.5,Eighth,2247,1299854,4
34350,853738.9569160998,855968.0725623582,1,71,83.75,0.25,Sixteenth,2247,1299854,4
34351,853738.9569160998,855968.0725623582,1,63,83.75,0.25,Sixteenth,2247,1299854,4
34352,855968.0725623582,866556.3718820862,1,61,84.0,1.0,Quarter,2247,1299854,4
34353,855968.0725623582,858940.2267573696,1,68,84.0,0.25,Sixteenth,2247,1299854,4
34354,855968.0725623582,858940.2267573696,1,64,84.0,0.25,Sixteenth,2247,1299854,4
34355,858940.2267573696,861355.1020408163,1,63,84.25,0.25,Sixteenth,2247,1299854,4
34356,858940.2267573696,861355.1020408163,1,66,84.25,0.25,Sixteenth,2247,1299854,4
34357,861355.1020408163,863769.9773242631,1,64,84.5,0.25,Sixteenth,2247,1299854,4
34358,861355.1020408163,863769.9773242631,1,68,84.5,0.25,Sixteenth,2247,1299854,4
34359,863769.9773242631,866556.3718820862,1,66,84.75,0.25,Sixteenth,2247,1299854,4
34360,863769.9773242631,866556.3718820862,1,69,84.75,0.25,Sixteenth,2247,1299854,4
34361,866556.3718820862,868971.2471655329,1,71,85.0,0.25,Sixteenth,2247,1299854,4
34362,866556.3718820862,868971.2471655329,1,68,85.0,0.25,Sixteenth,2247,1299854,4
34363,868971.2471655329,871943.4013605443,1,69,85.25,0.25,Sixteenth,2247,1299854,4
34364,868971.2471655329,871943.4013605443,1,73,85.25,0.25,Sixteenth,2247,1299854,4
34365,871943.4013605443,878073.4693877551,1,56,85.5,0.5,Eighth,2247,1299854,4
34366,871943.4013605443,875287.074829932,1,71,85.5,0.25,Sixteenth,2247,1299854,4
34367,871943.4013605443,882717.4603174604,1,74,85.5,1.0,Quarter,2247,1299854,4
34368,875287.074829932,878073.4693877551,1,68,85.75,0.25,Sixteenth,2247,1299854,4
34369,878073.4693877551,882717.4603174604,1,57,86.0,0.5,Eighth,2247,1299854,4
34370,878073.4693877551,880116.8253968254,1,64,86.0,0.25,Sixteenth,2247,1299854,4
34371,880116.8253968254,882717.4603174604,1,63,86.25,0.25,Sixteenth,2247,1299854,4
34372,882717.4603174604,887361.4512471656,1,56,86.5,0.5,Eighth,2247,1299854,4
34373,882717.4603174604,884946.5759637188,1,73,86.5,0.25,Sixteenth,2247,1299854,4
34374,882717.4603174604,884946.5759637188,1,64,86.5,0.25,Sixteenth,2247,1299854,4
34375,884946.5759637188,887361.4512471656,1,66,86.75,0.25,Sixteenth,2247,1299854,4
34376,884946.5759637188,887361.4512471656,1,71,86.75,0.25,Sixteenth,2247,1299854,4
34377,887361.4512471656,892191.2018140589,1,57,87.0,0.5,Eighth,2247,1299854,4
34378,887361.4512471656,889404.8072562359,1,64,87.0,0.25,Sixteenth,2247,1299854,4
34379,887361.4512471656,908352.2902494333,1,73,87.0,2.0,Half,2247,1299854,4
34380,889404.8072562359,892191.2018140589,1,63,87.25,0.25,Sixteenth,2247,1299854,4
34381,892191.2018140589,897949.7505668934,1,52,87.5,0.5,Eighth,2247,1299854,4
34382,892191.2018140589,894977.5963718821,1,64,87.5,0.25,Sixteenth,2247,1299854,4
34383,894977.5963718821,897949.7505668934,1,66,87.75,0.25,Sixteenth,2247,1299854,4
34384,897949.7505668934,903336.7800453516,1,54,88.0,0.5,Eighth,2247,1299854,4
34385,897949.7505668934,900921.9047619049,1,63,88.0,0.25,Sixteenth,2247,1299854,4
34386,900921.9047619049,903336.7800453516,1,61,88.25,0.25,Sixteenth,2247,1299854,4
34387,903336.7800453516,905565.89569161,1,63,88.5,0.25,Sixteenth,2247,1299854,4
34388,903336.7800453516,908352.2902494333,1,57,88.5,0.5,Eighth,2247,1299854,4
34389,905565.89569161,908352.2902494333,1,64,88.75,0.25,Sixteenth,2247,1299854,4
34390,908352.2902494333,918383.3106575964,1,71,89.0,1.0,Quarter,2247,1299854,4
34391,908352.2902494333,913553.560090703,1,56,89.0,0.5,Eighth,2247,1299854,4
34392,908352.2902494333,910209.8866213151,1,66,89.0,0.25,Sixteenth,2247,1299854,4
34393,910209.8866213151,913553.560090703,1,68,89.25,0.25,Sixteenth,2247,1299854,4
34394,913553.560090703,918383.3106575964,1,54,89.5,0.5,Eighth,2247,1299854,4
34395,913553.560090703,916154.195011338,1,69,89.5,0.25,Sixteenth,2247,1299854,4
34396,916154.195011338,918383.3106575964,1,66,89.75,0.25,Sixteenth,2247,1299854,4
34397,918383.3106575964,920240.9070294783,1,62,90.0,0.25,Sixteenth,2247,1299854,4
34398,918383.3106575964,922841.5419501134,1,52,90.0,0.5,Eighth,2247,1299854,4
34399,920240.9070294783,922841.5419501134,1,61,90.25,0.25,Sixteenth,2247,1299854,4
34400,922841.5419501134,928600.0907029478,1,54,90.5,0.5,Eighth,2247,1299854,4
34401,922841.5419501134,926370.9750566892,1,62,90.5,0.25,Sixteenth,2247,1299854,4
34402,926370.9750566892,928600.0907029478,1,64,90.75,0.25,Sixteenth,2247,1299854,4
34403,928600.0907029478,931943.7641723356,1,62,91.0,0.25,Sixteenth,2247,1299854,4
34404,928600.0907029478,933987.120181406,1,56,91.0,0.5,Eighth,2247,1299854,4
34405,928600.0907029478,949405.1700680272,1,71,91.0,2.0,Half,2247,1299854,4
34406,931943.7641723356,933987.120181406,1,61,91.25,0.25,Sixteenth,2247,1299854,4
34407,933987.120181406,938816.8707482992,1,52,91.5,0.5,Eighth,2247,1299854,4
34408,933987.120181406,935658.9569160998,1,62,91.5,0.25,Sixteenth,2247,1299854,4
34409,935658.9569160998,938816.8707482992,1,64,91.75,0.25,Sixteenth,2247,1299854,4
34410,938816.8707482992,943832.380952381,1,57,92.0,0.5,Eighth,2247,1299854,4
34411,938816.8707482992,941603.2653061224,1,61,92.0,0.25,Sixteenth,2247,1299854,4
34412,941603.2653061224,943832.380952381,1,59,92.25,0.25,Sixteenth,2247,1299854,4
34413,943832.380952381,946618.775510204,1,61,92.5,0.25,Sixteenth,2247,1299854,4
34414,943832.380952381,949405.1700680272,1,59,92.5,0.5,Eighth,2247,1299854,4
34415,946618.775510204,949405.1700680272,1,62,92.75,0.25,Sixteenth,2247,1299854,4
34416,949405.1700680272,951820.045351474,1,64,93.0,0.25,Sixteenth,2247,1299854,4
34417,949405.1700680272,954049.1609977324,1,61,93.0,0.5,Eighth,2247,1299854,4
34418,949405.1700680272,960364.9886621316,1,69,93.0,1.0,Quarter,2247,1299854,4
34419,951820.045351474,954049.1609977324,1,66,93.25,0.25,Sixteenth,2247,1299854,4
34420,954049.1609977324,960364.9886621316,1,59,93.5,0.5,Eighth,2247,1299854,4
34421,954049.1609977324,956649.7959183672,1,68,93.5,0.25,Sixteenth,2247,1299854,4
34422,956649.7959183672,960364.9886621316,1,64,93.75,0.25,Sixteenth,2247,1299854,4
34423,960364.9886621316,962408.3446712018,1,61,94.0,0.25,Sixteenth,2247,1299854,4
34424,960364.9886621316,965008.9795918368,1,57,94.0,0.5,Eighth,2247,1299854,4
34425,962408.3446712018,965008.9795918368,1,59,94.25,0.25,Sixteenth,2247,1299854,4
34426,965008.9795918368,969652.970521542,1,52,94.5,0.5,Eighth,2247,1299854,4
34427,965008.9795918368,967609.6145124716,1,61,94.5,0.25,Sixteenth,2247,1299854,4
34428,967609.6145124716,969652.970521542,1,62,94.75,0.25,Sixteenth,2247,1299854,4
34429,969652.970521542,972810.8843537417,1,61,95.0,0.25,Sixteenth,2247,1299854,4
34430,969652.970521542,974668.4807256236,1,54,95.0,0.5,Eighth,2247,1299854,4
34431,969652.970521542,989900.7709750568,1,69,95.0,2.0,Half,2247,1299854,4
34432,972810.8843537417,974668.4807256236,1,59,95.25,0.25,Sixteenth,2247,1299854,4
34433,974668.4807256236,976897.596371882,1,61,95.5,0.25,Sixteenth,2247,1299854,4
34434,974668.4807256236,979683.9909297052,1,49,95.5,0.5,Eighth,2247,1299854,4
34435,976897.596371882,979683.9909297052,1,62,95.75,0.25,Sixteenth,2247,1299854,4
34436,979683.9909297052,982470.3854875284,1,59,96.0,0.25,Sixteenth,2247,1299854,4
34437,979683.9909297052,984885.260770975,1,51,96.0,0.5,Eighth,2247,1299854,4
34438,982470.3854875284,984885.260770975,1,57,96.25,0.25,Sixteenth,2247,1299854,4
34439,984885.260770975,989900.7709750568,1,47,96.5,0.5,Eighth,2247,1299854,4
34440,984885.260770975,987114.3764172336,1,59,96.5,0.25,Sixteenth,2247,1299854,4
34441,987114.3764172336,989900.7709750568,1,61,96.75,0.25,Sixteenth,2247,1299854,4
34442,989900.7709750568,1011634.648526077,1,52,97.0,2.0,Half,2247,1299854,4
34443,989900.7709750568,995473.560090703,1,68,97.0,0.5,Eighth,2247,1299854,4
34444,989900.7709750568,992501.4058956916,1,59,97.0,0.25,Sixteenth,2247,1299854,4
34445,992501.4058956916,995473.560090703,1,57,97.25,0.25,Sixteenth,2247,1299854,4
34446,995473.560090703,1000860.589569161,1,76,97.5,0.5,Eighth,2247,1299854,4
34447,995473.560090703,997888.4353741496,1,59,97.5,0.25,Sixteenth,2247,1299854,4
34448,997888.4353741496,1000860.589569161,1,61,97.75,0.25,Sixteenth,2247,1299854,4
34449,1000860.589569161,1003832.7437641724,1,57,98.0,0.25,Sixteenth,2247,1299854,4
34450,1000860.589569161,1011634.648526077,1,78,98.0,1.0,Quarter,2247,1299854,4
34451,1003832.7437641724,1006061.8594104308,1,56,98.25,0.25,Sixteenth,2247,1299854,4
34452,1006061.8594104308,1008848.253968254,1,57,98.5,0.25,Sixteenth,2247,1299854,4
34453,1008848.253968254,1011634.648526077,1,59,98.75,0.25,Sixteenth,2247,1299854,4
34454,1011634.648526077,1014606.8027210884,1,57,99.0,0.25,Sixteenth,2247,1299854,4
34455,1011634.648526077,1031696.6893424036,1,51,99.0,2.0,Half,2247,1299854,4
34456,1014606.8027210884,1016650.1587301588,1,71,99.25,0.25,Sixteenth,2247,1299854,4
34457,1014606.8027210884,1016650.1587301588,1,56,99.25,0.25,Sixteenth,2247,1299854,4
34458,1016650.1587301588,1019065.0340136054,1,57,99.5,0.25,Sixteenth,2247,1299854,4
34459,1016650.1587301588,1019065.0340136054,1,73,99.5,0.25,Sixteenth,2247,1299854,4
34460,1019065.0340136054,1021479.9092970522,1,75,99.75,0.25,Sixteenth,2247,1299854,4
34461,1019065.0340136054,1021479.9092970522,1,59,99.75,0.25,Sixteenth,2247,1299854,4
34462,1021479.9092970522,1026681.179138322,1,56,100.0,0.5,Eighth,2247,1299854,4
34463,1021479.9092970522,1024266.3038548752,1,76,100.0,0.25,Sixteenth,2247,1299854,4
34464,1024266.3038548752,1026681.179138322,1,75,100.25,0.25,Sixteenth,2247,1299854,4
34465,1026681.179138322,1029096.0544217688,1,76,100.5,0.25,Sixteenth,2247,1299854,4
34466,1026681.179138322,1031696.6893424036,1,59,100.5,0.5,Eighth,2247,1299854,4
34467,1029096.0544217688,1031696.6893424036,1,78,100.75,0.25,Sixteenth,2247,1299854,4
34468,1031696.6893424036,1042656.507936508,1,49,101.0,1.0,Quarter,2247,1299854,4
34469,1031696.6893424036,1034297.3242630386,1,80,101.0,0.25,Sixteenth,2247,1299854,4
34470,1031696.6893424036,1036897.9591836736,1,52,101.0,0.5,Eighth,2247,1299854,4
34471,1034297.3242630386,1036897.9591836736,1,81,101.25,0.25,Sixteenth,2247,1299854,4
34472,1036897.9591836736,1047300.1360544218,1,56,101.5,1.0,Quarter,2247,1299854,4
34473,1036897.9591836736,1040055.873015873,1,83,101.5,0.25,Sixteenth,2247,1299854,4
34474,1040055.873015873,1042656.507936508,1,80,101.75,0.25,Sixteenth,2247,1299854,4
34475,1042656.507936508,1045071.3832199548,1,81,102.0,0.25,Sixteenth,2247,1299854,4
34476,1042656.507936508,1049529.6145124717,1,42,102.0,0.75,Dotted Eighth,2247,1299854,4
34477,1045071.3832199548,1047300.1360544218,1,80,102.25,0.25,Sixteenth,2247,1299854,4
34478,1047300.1360544218,1067548.2993197278,1,54,102.5,2.0,Half,2247,1299854,4
34479,1047300.1360544218,1049529.6145124717,1,81,102.5,0.25,Sixteenth,2247,1299854,4
34480,1049529.6145124717,1052316.009070295,1,83,102.75,0.25,Sixteenth,2247,1299854,4
34481,1049529.6145124717,1052316.009070295,1,49,102.75,0.25,Sixteenth,2247,1299854,4
34482,1052316.009070295,1054359.365079365,1,81,103.0,0.25,Sixteenth,2247,1299854,4
34483,1052316.009070295,1057516.9160997733,1,51,103.0,0.5,Eighth,2247,1299854,4
34484,1054359.365079365,1057516.9160997733,1,80,103.25,0.25,Sixteenth,2247,1299854,4
34485,1057516.9160997733,1059746.3945578232,1,81,103.5,0.25,Sixteenth,2247,1299854,4
34486,1057516.9160997733,1062532.7891156462,1,47,103.5,0.5,Eighth,2247,1299854,4
34487,1059746.3945578232,1062532.7891156462,1,83,103.75,0.25,Sixteenth,2247,1299854,4
34488,1062532.7891156462,1065133.4240362812,1,80,104.0,0.25,Sixteenth,2247,1299854,4
34489,1062532.7891156462,1067548.2993197278,1,52,104.0,0.5,Eighth,2247,1299854,4
34490,1065133.4240362812,1067548.2993197278,1,78,104.25,0.25,Sixteenth,2247,1299854,4
34491,1067548.2993197278,1070891.9727891155,1,80,104.5,0.25,Sixteenth,2247,1299854,4
34492,1067548.2993197278,1073121.0884353742,1,47,104.5,0.5,Eighth,2247,1299854,4
34493,1070891.9727891155,1073121.0884353742,1,81,104.75,0.25,Sixteenth,2247,1299854,4
34494,1073121.0884353742,1075164.4444444445,1,80,105.0,0.25,Sixteenth,2247,1299854,4
34495,1073121.0884353742,1083523.6281179138,1,52,105.0,1.0,Quarter,2247,1299854,4
34496,1073121.0884353742,1078136.598639456,1,49,105.0,0.5,Eighth,2247,1299854,4
34497,1075164.4444444445,1078136.598639456,1,78,105.25,0.25,Sixteenth,2247,1299854,4
34498,1078136.598639456,1081480.2721088436,1,76,105.5,0.25,Sixteenth,2247,1299854,4
34499,1078136.598639456,1083523.6281179138,1,44,105.5,0.5,Eighth,2247,1299854,4
34500,1081480.2721088436,1083523.6281179138,1,75,105.75,0.25,Sixteenth,2247,1299854,4
34501,1083523.6281179138,1085752.380952381,1,73,106.0,0.25,Sixteenth,2247,1299854,4
34502,1083523.6281179138,1088167.619047619,1,52,106.0,0.5,Eighth,2247,1299854,4
34503,1083523.6281179138,1090582.4943310658,1,45,106.0,0.75,Dotted Eighth,2247,1299854,4
34504,1085752.380952381,1088167.619047619,1,71,106.25,0.25,Sixteenth,2247,1299854,4
34505,1088167.619047619,1090582.4943310658,1,73,106.5,0.25,Sixteenth,2247,1299854,4
34506,1088167.619047619,1093368.888888889,1,64,106.5,0.5,Eighth,2247,1299854,4
34507,1090582.4943310658,1093368.888888889,1,74,106.75,0.25,Sixteenth,2247,1299854,4
34508,1090582.4943310658,1093368.888888889,1,40,106.75,0.25,Sixteenth,2247,1299854,4
34509,1093368.888888889,1097827.120181406,1,42,107.0,0.5,Eighth,2247,1299854,4
34510,1093368.888888889,1114731.2471655328,1,69,107.0,2.0,Half,2247,1299854,4
34511,1093368.888888889,1095226.485260771,1,73,107.0,0.25,Sixteenth,2247,1299854,4
34512,1095226.485260771,1097827.120181406,1,71,107.25,0.25,Sixteenth,2247,1299854,4
34513,1097827.120181406,1103957.1882086168,1,37,107.5,0.5,Eighth,2247,1299854,4
34514,1097827.120181406,1100613.514739229,1,73,107.5,0.25,Sixteenth,2247,1299854,4
34515,1100613.514739229,1103957.1882086168,1,74,107.75,0.25,Sixteenth,2247,1299854,4
34516,1103957.1882086168,1106372.0634920634,1,71,108.0,0.25,Sixteenth,2247,1299854,4
34517,1103957.1882086168,1108786.9387755103,1,39,108.0,0.5,Eighth,2247,1299854,4
34518,1106372.0634920634,1108786.9387755103,1,73,108.25,0.25,Sixteenth,2247,1299854,4
34519,1108786.9387755103,1114731.2471655328,1,59,108.5,0.5,Eighth,2247,1299854,4
34520,1108786.9387755103,1111387.573696145,1,75,108.5,0.25,Sixteenth,2247,1299854,4
34521,1111387.573696145,1114731.2471655328,1,71,108.75,0.25,Sixteenth,2247,1299854,4
34522,1114731.2471655328,1125505.306122449,1,61,109.0,1.0,Quarter,2247,1299854,4
34523,1114731.2471655328,1117331.8820861678,1,68,109.0,0.25,Sixteenth,2247,1299854,4
34524,1114731.2471655328,1134979.0476190476,1,76,109.0,2.0,Half,2247,1299854,4
34525,1117331.8820861678,1119932.5170068026,1,64,109.25,0.25,Sixteenth,2247,1299854,4
34526,1119932.5170068026,1122161.2698412698,1,66,109.5,0.25,Sixteenth,2247,1299854,4
34527,1122161.2698412698,1125505.306122449,1,68,109.75,0.25,Sixteenth,2247,1299854,4
34528,1125505.306122449,1126991.3832199546,1,69,110.0,0.25,Sixteenth,2247,1299854,4
34529,1126991.3832199546,1129777.7777777778,1,54,110.25,0.25,Sixteenth,2247,1299854,4
34530,1126991.3832199546,1129777.7777777778,1,71,110.25,0.25,Sixteenth,2247,1299854,4
34531,1129777.7777777778,1132192.6530612244,1,56,110.5,0.25,Sixteenth,2247,1299854,4
34532,1129777.7777777778,1137765.4421768708,1,73,110.5,0.708333333333,Dotted Eighth,2247,1299854,4
34533,1132192.6530612244,1134979.0476190476,1,57,110.75,0.25,Sixteenth,2247,1299854,4
34534,1134979.0476190476,1150025.5782312923,1,75,111.0,1.0,Quarter,2247,1299854,4
34535,1134979.0476190476,1141666.3945578232,1,59,111.0,0.5,Eighth,2247,1299854,4
34536,1138508.1179138322,1141852.1541950114,1,73,111.2625,0.25,Sixteenth,2247,1299854,4
34537,1141666.3945578232,1150025.5782312923,1,47,111.5,0.5,Eighth,2247,1299854,4
34538,1141852.1541950114,1146124.62585034,1,71,111.5125,0.25,Sixteenth,2247,1299854,4
34539,1146124.62585034,1150025.5782312923,1,69,111.7625,0.25,Sixteenth,2247,1299854,4
34540,1150025.5782312923,1220242.7210884353,1,76,112.0,4.0,Whole,2247,1299854,4
34541,1150025.5782312923,1220242.7210884353,1,40,112.0,4.0,Whole,2247,1299854,4
34542,1150025.5782312923,1220614.2403628118,1,68,112.0125,4.0,Whole,2247,1299854,4
